Model,Accuracy,Macro F1-Score
Logistic Regression,0.9343065693430657,0.9270833333333334
Decision Tree,0.9343065693430657,0.9367053620784964
Random Forest,0.8284671532846716,0.7946844631776138
